attr_0,attr_1,attr_2,attr_3,attr_4,attr_5,attr_6,attr_7,attr_8,attr_9,house_price
0.2603218387712207,1.775310892609512,-0.2500465145989528,-0.6706202090766449,1.0005823180429783,-1.19363683175648,1.3924653000643288,-0.646227309843803,0.9191541736100015,0.28869362927985703,213.09046374987065
-0.9683444548636353,1.3920022863445993,-0.2246331499970246,0.9407711879882159,-0.9896281365703375,0.918316606002313,-0.9824873935383096,0.17989415115347845,-1.570500603623177,0.5500520990245519,5.956314803540056
0.18142662011397137,-0.6497652268482671,-1.2961166642498945,-0.3519213178165091,-0.48720292119492714,-1.2032008553891445,-0.7699960661974573,0.8745170741325226,-1.042044412243103,-0.4561208274741882,-170.76698616517547
0.852433334796224,0.21645858958197486,0.18645431476942764,0.6339190223180112,2.1439440893253257,0.045571839903813784,-2.025142586657607,-0.7303666317171367,-0.6516003476058171,-0.661786464768388,8.144441325052323
-0.43548637056984335,-0.12038116395359824,0.1904996797790664,-0.09053328230416077,-0.5353281859539227,-2.172669546014036,0.33198033056901455,1.1070806692869728,0.8474216771504216,0.7094518171390395,89.96849442222248
-0.27681329988892067,1.0725073373098022,-1.1032083657216831,-1.9663565893760018,-1.0448091940210336,-0.3649527295428853,2.056207129940322,0.538296079049633,-0.8392096673390064,-0.221253623585772,-48.20248701677145
-1.9196731561976563,1.7193779062072967,-0.04541121793223822,0.8595878869798019,-0.5495571359085801,1.9925153531681183,-0.3871306497895146,-0.6058608207588934,-0.7666565877833479,0.02538842054241018,112.12566403368703
1.2378163119734618,0.4919191715065057,1.3538723741654128,-0.4691756521047048,1.179440120721287,-1.3202332070206422,-1.7131345290908775,-0.898414671348358,1.8314587658543537,-0.11453984525261789,155.056322860567
-1.3224579567435701,0.9681846605328611,1.2446795807367868,-0.8254105299789551,-1.085150526557798,-0.33130838318332273,2.9490944253087252,0.570612997219531,-0.6122367345077503,-1.3510743662080213,8.072663351306646
0.514438834058749,-0.5993750229537729,-0.1423794850212935,0.6228499323474987,-0.45006547147924364,0.005243699718183166,-1.0676204293825944,-1.594427658794367,0.046980593764742055,0.12029563171189886,-191.36389634856374
0.44426331148603976,-1.1290517712172292,-0.3748208075495975,0.7129984301723881,-1.2221278088919454,-0.5245202662797737,-0.24032539815813503,0.7216720640432351,0.48937456122791806,0.7109599682034915,-65.09230089532065
-0.3091164642025014,0.609138120907177,0.39331783939437187,0.14171691363990474,1.2130976999791834,-1.092312764672579,2.319329539981694,1.091310120594269,-0.3164084496948019,0.1920491164900316,141.28113902671367
0.44770856001731496,0.3520553965142968,0.4567532191537839,1.1172958315881276,-0.0821511783925688,-1.251539424190444,0.34272534637770413,-0.24123605785632987,1.4437646040732595,0.5697672802322039,166.4211418314716
1.4524675344707454,0.6012067489291149,-0.14778031881747153,-1.2207124259141586,-0.5505368494915835,-1.4438548161335418,-0.5081401976473109,0.0005279588565972928,-2.296180953137238,-0.4532484090230134,-249.39350208428155
-0.42098448082026296,-0.15567723539207948,-0.4325581878196209,-0.4118769661224674,0.3376026620752022,1.1677820616598074,-0.48760622407249354,0.08658978747289992,0.2544208433012131,0.39445214237829684,50.084144109690676
0.054934110999848726,-0.9263811299815384,0.9184544439424138,-0.2950899142379063,-0.4173668136050844,0.5555126463422483,0.975816719344709,0.47363207681145447,-0.9186865114860944,-1.2457173764463845,-153.03166360097816
0.018849622944847662,0.07685188295876821,1.41093237974627,0.44194064956940904,0.16865467196672768,-0.22485598180807856,-1.090399077442846,-0.13125696709230472,-0.6500025808234597,-0.09858813228426173,-61.130535334321465
-1.763040155362734,0.1713682811899705,1.0571222262189157,-0.7198442083947086,-1.4785219903674274,-0.11564828238824053,-0.4606387709597875,0.7384665799954104,-0.3011036955892888,0.3436182895684614,-36.369604544018756
0.5885532697707198,-0.3574454228104272,-0.2666523292344148,1.5334337012963255,-2.211861911329507,-0.18039168176240783,-1.423957152450145,-0.19003903500149447,1.3728484746765302,-0.42924442029866183,19.882310183928187
1.2269332238843076,1.772251596669744,0.30179189981946597,0.46877425607502377,-0.6022120603617805,1.66125921454787,-0.9983854391882915,-0.027514905050636255,-0.45709625658627184,0.7660802783846903,142.63241557679547
-1.2392583948534726,-0.7627247785662142,-2.0038623644067535,-0.19382613877280352,0.8294748419317485,-0.7691423497872982,-0.26451484131061076,-1.6075598643689741,-0.9399031011088647,0.6354180302092264,-269.53658092515235
-0.3920126399191296,0.4209729443893898,-0.8627757640431206,1.0971527117536957,-2.1533429198712444,0.49201884799279927,-0.47883745600840416,0.6988284202025348,-0.5260348426675804,0.6934789119139937,20.76720368041057
1.2748750412787222,0.6197114459661363,-2.205566057099069,-0.18452535765584954,-0.6243453897132241,-0.6353623888256293,-0.6047446645382127,-1.876552706041874,-1.1896666590903613,0.8970661968871322,-271.45713611848305
1.0915068519224618,-0.5468589412403921,1.5039929885826886,0.10643022769189683,-0.7128457826771644,-0.03275327021599839,-0.2549772174208553,-0.5736620068802363,-0.543424771133765,-2.650969808393012,-177.96567200527159
-1.1062935124116342,0.7774073527645112,-0.23655528721894603,1.7473631979155582,-0.9489165208248372,0.46667098196608103,0.9321915642603847,1.205994516546816,1.52100622715938,1.1356201471829441,340.4375713165463
0.18335991977915564,-1.8019804375800197,0.3918040054025465,-2.59104229214491,-0.5765104007267194,0.541462728204788,-0.5462444482524828,-1.1701130260593595,0.7591551603026468,-1.4789115687741288,-315.58357675493335
1.2958717818630143,0.35845361820962024,0.6686548047579066,1.8486088332964115,0.6855077387902041,-0.7309562757154733,-0.1755639454992155,-0.5353350870162231,0.7579218499236196,0.09806753953894455,144.81735441557635
-0.5637245528039747,-0.8972543714858315,-0.32138584165299344,-0.14705738150213865,0.9751197334177512,0.07580455819372633,-0.8254971967925115,-0.012246772846914623,-0.6771617115121117,0.41293145427562433,-109.30820557517684
-0.15525904882474875,0.6021183203924835,-1.2417605754816243,0.07748051851886253,-0.9519184600222356,0.07203686128374476,0.2577525401427507,1.5163940552535728,-0.21220896990115168,0.33417641724489744,112.24160888998291
0.02975613949574519,0.20768768716311115,0.6815006973726244,1.0531528533329035,-1.0810565404082624,0.27157883719537346,-0.03955515385665504,0.42961821913258585,-1.2767485758203094,0.028318376130461172,-69.06954490399937
-0.39247110606087293,-0.4555395260238707,-0.22954865536034708,1.472670675750982,0.8760467925297942,-0.8892408282283243,-0.6039806259692295,0.8691545924968965,0.9553005582377528,-1.6394841625254342,168.72906359380025
0.43192254467394064,-1.3796181647889305,0.5161782871149584,0.513085420097293,0.9531250453760867,-0.6267172245899651,0.7250957868479971,-0.971656734541286,0.8623934723827588,-0.6414815952229522,-86.18355394461572
1.4775300810552618,-0.5511857163285334,0.9553052085705107,-0.4532280493272752,-0.17018462252492844,-0.8181988834223072,0.6963874474567153,0.7783610761666377,-0.0033744574109520514,0.08840688629184736,-78.75302226964993
1.4558223221467665,-1.1376856704248166,0.08199555641356042,0.6683404887180808,0.5987943895619102,-0.20149153394751798,-0.7341737987784958,0.6515219913395057,-0.006521315229458062,0.4572804046152411,2.2186428905449525
-0.49163618563204736,0.2773769379581917,1.2389463529394373,0.18384954475369486,-3.0195121558208253,1.360658595838651,1.8005111815108537,0.05993263026632825,-1.308820399119112,0.20965941527462578,-197.5054794166978
-0.6603211394734471,-0.07159925185806683,0.04977368718096008,0.5752050161065663,0.8903831635197862,-1.5178737466808094,0.5006657213812097,-0.29396694766418224,-0.3570292008066094,0.007063158628176452,-43.91925405315314
1.2571492168625729,-0.4242363333980435,-1.1300693390403578,0.7505791675217656,-1.5171736966716791,-0.5698329282387588,-0.41619440488525394,-0.04551224530124217,0.32950873557300914,-0.4500128579958137,-48.48357463066875
-0.5309969550018176,0.6748194921666038,2.4553001399108942,0.4924512640081491,0.1664522082130561,-1.1227220215622986,0.2891686439078181,-0.04946370965243295,0.3824097461840506,-0.637739984251316,93.69536194260024
0.7011727423108983,0.42192075423528475,-1.2276078151369925,0.9640871682883573,-0.24415663529064868,1.613711269058647,1.1894704889246406,0.32135721545027307,0.45353430151397983,0.597400069849858,180.44030294306978
-0.2346205699574138,0.08568716140335904,0.651136241823657,-0.4081008391602206,-0.8953463223630241,-0.9254246260595873,-0.9958153947902291,-1.0138959522925377,0.2553837556743171,0.8584511166566653,-108.84086267626708
-0.4853058353678683,-0.5057467042619367,1.341475915530881,0.0036956718478473255,1.9625871905307948,-1.0589075870566005,1.0114630354083562,1.9541574337502863,1.4816634024625988,-0.742484232538384,297.4525297679981
0.08614388304637476,1.1486373494287152,-0.3670278390833223,0.6931056072631441,0.42881650033057295,-1.015821818978397,0.1764415552772252,0.20056919723094285,0.06167984984797165,-0.8275902206487197,142.48211200468677
0.17958178193959795,-0.47490365662252443,-0.6777449705248515,1.9389289990582848,0.12637957954641182,0.8712972974572442,-1.0003313246055747,0.5866938014752747,-1.3459796802467485,0.513907849658915,-24.617729639097533
0.09798315347089544,0.4966992232365217,0.4676931717654332,-1.5029703283951532,2.6443433470170348,-0.46531045678005334,0.25373966149457344,-1.2295495944524168,-0.10594835430413566,1.0857863249393471,-40.569435776764195
-0.29548031802916036,0.0064222698109378164,1.598647170504717,-0.3700110298821277,-0.08836295920533532,-0.4363858905265686,-0.25879606266710237,0.5462842480036996,-0.10960980392583083,0.5609194479412387,17.413115273433938
1.3800913541474515,-0.45888426286894,-1.5763921569842494,0.8836599374866724,-0.17262729994081963,1.0786808334312956,0.6523228784134196,1.6839276914578687,-0.03850846950070721,1.4765403497258958,120.87896828282506
-1.6065771007386793,-1.0196643386921156,0.8260471714415063,-0.3695269288333586,0.22530792204094158,-0.02355215087423812,-0.1314725956716678,0.5646059258936003,-0.17435425790283585,-0.43676423723821745,-63.13031938010071
0.19894814679649453,1.5111549302473475,-0.42076179368105326,0.3636318826249679,-1.252393444413119,-1.4511756900515589,0.8868873900973003,-0.12754912037753421,-0.01208894784605456,-2.6042138566271342,76.70791679883796
0.3773004930448522,-0.4776574467651167,-0.9787637157823074,-0.510016398854747,1.0375399442578992,0.47897982574639186,-0.26987493529337125,0.07156623721939247,0.3336621052869483,-0.4442932600761116,25.69760990048835
1.3641404299738442,-1.3340254949182044,0.5524899544171478,0.440474737960399,-1.5929937335316693,-0.6013676439512137,-0.019637798926681216,0.1053755061459599,0.31978193414253697,0.22391413406466143,-169.7590744648992
-0.21398884422550896,-0.9186519464841982,-0.998354040738791,0.23421473253652075,-0.03468488738678118,-1.0041407667520679,1.5505004928140769,-1.344450511034277,-0.7677975651041284,0.9843223984765838,-289.6672597149422
1.0010460925671412,-0.16882172319001063,0.5010941699398452,0.23836898273478513,-0.9273531341905741,0.07005216311318138,0.9751976297824297,-0.1044492185374715,1.1618783026081905,0.1895816165987434,35.6240907016107
1.0941915184709485,0.4714683571359957,-0.12578692009964815,-0.5112156764311852,1.593186626639397,1.8820244964750337,-0.9896048202585809,-0.7904744554453119,1.3454200461549777,0.055724912288694604,189.21285045666704
1.496044311489183,-0.9221653241776254,-1.244654703311417,1.876795812558066,0.41343490322370086,0.8696059201056602,-0.773789199103573,0.7569886166453519,1.355637858804951,-1.7787202489042786,206.96717541119088
0.3287624103034804,1.1870303055603801,-0.7542758500193579,-1.146345393018688,1.633431532301096,0.6387302220291846,0.30263546523903323,1.1055259329579838,-1.1430049127304835,-0.06413834659299254,149.44846141972917
-0.23458713337514692,0.9686449905328892,0.26105527217988933,-1.4635149481321186,-0.39210815313215763,-0.7020530938773524,0.29612027706457605,0.09707754934804039,-0.3276621465977682,0.00511345664246089,5.334452864959577
0.4746982328799528,0.9920423495365228,-0.009118996644203544,-0.8984679817910373,0.5365098435704035,-0.17495975669540864,0.028181157369128247,-0.6680904536430488,-0.7557451594928447,1.085895565831578,-69.01015873440818
-0.2081168572725397,0.23321613126350166,0.10855970577652314,0.36150352520610163,-0.6124373746404379,0.9531366339132451,-1.1437262073206618,0.7082144232565571,0.2871241652018242,-0.0332299906444608,139.62720221839575
-0.7280029412291344,-2.9213504834946074,2.0574954697116987,-1.0097307047099375,-2.3629324355418384,0.4365598041576678,0.6191542610051978,-1.072139011985607,0.9039348410861953,0.020793707675407894,-406.2710313552811
1.262584103427182,-0.372833152091767,-1.7608088119807759,0.9325908318730899,0.22468472575188592,1.7269638512334051,-1.4183657329330317,0.7223813578277714,-0.39963618561460235,-1.5256563145700948,83.29237756594723
1.050654396007612,0.21743287317972287,-0.05761879703358539,0.3649610024662254,0.15041890514357642,0.8700677306887542,2.403415585238275,-0.19068240076334658,0.49568188797260465,0.2010990467149675,77.46211439622691
0.5725827813561586,-2.0417348684242906,0.6408428612670098,-0.2811002928859549,-1.0016200098949155,-0.24717738252059693,1.7976865268495226,0.20838280794755248,-0.6819842479977986,-0.5711789897827968,-296.437983296683
0.5514853760404675,0.7421274910718922,-0.1758858124323366,-0.8432465953161917,-0.24606248812994858,0.0754336389015928,2.1709427174978138,1.639964529371393,-1.6019658118971685,0.12320480678448567,28.590335680956024
-0.056945623721067457,-0.09671311187039239,0.1503017614618776,1.1033018820165215,-0.037634702424848364,-0.5449190868089497,0.11422764866203965,0.2110174672026184,0.39913611435207086,-0.36361221221385587,93.51640880096201
0.2873289044030093,-2.1305664798072006,1.7246966497611085,3.9262377064363267,0.5082686396745896,0.7682072166317373,-2.0841129394985884,0.14125714008746323,0.21539650545628794,-0.28744751940035557,-36.10935715940664
0.15519068385897913,-0.409282438113104,-0.009300321138614417,1.1210306673244714,-0.8224199323822006,-0.5240883979345925,0.00020706491819709385,-0.6947131310890582,0.152354872033722,-0.32789471651291785,-104.06697465034247
0.6929186230316111,2.3638724946193608,1.4532606633210343,0.7215625051261435,0.30381859560487573,-0.7859860326349823,-0.23086637384476896,1.0729780477660118,-1.3810446031537749,-1.3386057997232488,176.3276700535186
-0.2817846088605072,1.40934744018558,-0.5228600271532683,1.453384477117701,-0.4455025214007718,2.2988981236192503,1.5795721457307124,-0.5172884501003722,-0.36283856043965906,-0.42018681709585726,149.2852521360085
-1.46752526575244,0.019616657693989903,1.5490201514951873,-0.573601772896901,-0.3540407109410238,0.6728612359668199,0.1018562952619867,0.4384757388097273,0.591814133741378,-1.2391070756539009,104.21687149449129
0.8539759765522237,1.6850142787085094,0.34233783448962146,-0.5309708978119645,1.9870611116994412,0.5628808601743548,-0.33513778117145177,1.230874513154735,-0.8798143535020543,1.5541604207147741,283.3760348658143
-1.0592135218889516,-0.03269474809409311,-0.9398797863273552,0.6696725488300385,-1.3044695005048532,-2.0674421000398766,0.36659824609684827,0.3840654489393073,-0.08912003951278841,-0.5138669173366935,-49.693040487958996
-2.152890592952483,-0.1524698363805439,0.5079913269125437,-1.331232953557778,-0.7859894605079495,0.7081086766885905,-1.8362053731032966,0.1335409047822823,0.9567023167945841,-1.1033666061738736,25.602412816681582
-0.19646658342809717,-0.8043157596599924,0.4547409121411344,0.820344012612456,0.2531652380379812,0.8953554307625996,-0.03361256470371301,0.6295295842218108,-0.6315777291653314,-0.5164296438875717,-24.94374950283402
0.849102110743144,0.7789365035121141,-0.387099702474401,0.6687416555925126,-0.005596018829046555,0.4577728661518858,-1.0917008761393143,0.4395012306202264,1.6744924333475373,0.6955377575657775,290.6557655010541
-0.8514064342603136,0.547264797377967,-2.219300372747535,0.3278795241593574,-0.12545426000290022,0.5488838353173644,0.08589300629333041,0.4818660617184915,-0.25495579355369785,-0.22979963057519381,104.66492255917768
1.0075136898369221,-0.6475418056351592,-0.6004235657387051,1.321304032273012,-0.649373038321426,0.7441919714999368,1.4196030045136372,-0.3583401520212222,-0.181224173218103,-1.8665399513606162,-69.1071802358611
0.26028050658288615,-0.5482872964906009,-1.3260476860820383,1.4484992298929262,1.1173988159024608,0.1600182258527877,-0.35976864578908574,-0.15589817793666752,0.501782736167545,-0.413465161123276,98.71533836840614
0.7181857257079345,0.7846042878980238,1.114321694668872,0.54711911517521,0.02246589281204638,-0.01926037973439464,-1.1808128153088449,2.412615421612916,-0.2628908292082677,0.7153813154412441,279.72490720027116
0.19358991136754436,-0.8671302157109003,0.8743891807127275,-0.8192578597214978,-1.345870923473215,-0.6581164890752567,-0.47622087354465903,0.8250982646676347,-0.30372602877666466,0.26256132900192497,-138.33275294870126
-0.6039851867158206,-1.129706854657618,-0.2030453860429927,-0.7968952554704768,-2.4716445001272893,0.5298041779152828,0.57707212718054,0.8356921120651418,1.4415686206579004,0.37114587337130883,-31.755492712834915
-0.0007085945766459172,-0.19090379172729868,0.35561334878566,0.47240627788037737,-0.9564363768180087,0.7197579421481819,1.484116028535965,1.804348109786743,-1.2932729578711637,-0.31305803052315434,17.961119630896192
0.40498171096095553,-0.11473644146689901,-0.6533292325737119,-0.3345012358409484,-1.2002964070557762,0.5049872789804571,-0.4749453111609562,-0.7925207384327007,0.8657551941701215,1.7654542402810969,-39.633621761088
1.628396623128538,-1.3698029795790778,-0.5535882417079946,1.6391168054440675,-0.8036745679697308,-0.08828204835125482,1.6777008140764407,-0.5574917850078336,2.5797093376543185,0.5689830791852754,100.89467711884129
0.9755451271223592,-0.38508228041631654,-0.3092123758512146,0.9312801191161986,1.030999522495951,-0.6769220003059587,-0.8392175232226385,0.324083969394795,0.6116762888408679,0.33126343140356396,84.01099904284533
1.0470983026121545,-1.6685840738775894,-1.4643748802098202,1.5739867632900328,-0.483186462299374,0.39922312260527926,-1.2257656630023412,-0.2573765374233451,0.647195939702741,0.22445181855997204,-72.77850872937469
2.411676675578421,1.2723535001067678,0.09337237427665124,-0.9600462952794637,-1.6548874362282961,0.7324921027798023,-0.12270893359572414,0.26402008133367,0.28872366282502326,-1.1302037246739238,94.13033240880024
0.4446026682201407,-1.2242982362893657,0.3946715298229811,0.5885784044206096,-0.5805234498047227,-0.20902325728602528,1.6699045043514062,-0.13845598398377382,-0.8505204542093001,-1.1958830620351844,-225.89852305071824
-0.20931381957936157,0.7426824183597224,0.03793783544760203,0.8872908372667421,0.8691560643892732,0.4822489526806572,-0.7632861041785816,0.07595526791608741,-1.2376624223272978,0.6833289928110694,43.521042963395566
2.16325472330546,-0.3933388123273607,0.7462535660272207,0.04643654815614881,0.19109906801990334,0.028744822934817487,-1.3598561409799192,0.3686733088729012,1.2784518626072987,0.6454841811410754,124.6558846232111
-0.47949296739924335,0.7890566873755189,0.6979032725390276,-0.8610879101735704,0.4097627959594974,0.08382662792936094,1.4033699701251907,0.7045065398247231,1.4104591452035038,-0.4430440211284823,271.9692911421876
1.2715550949941588,-2.0733902324081495,1.7522704434236227,-0.7778166875908753,-1.4075116947178212,-0.34268759408034877,-1.1105758454658288,1.246085192497629,-0.37144086599579146,0.9356783931474612,-224.1643743305047
1.4223698616985077,-0.6775646523356551,-0.2515388860444957,0.4620608932518965,-0.46440426230938764,1.1941094030473725,0.7833905092825955,-1.7258067287905967,-0.9811655311396816,-0.5975101946916416,-282.31802163141117
-0.8560838259088672,-0.4152879139008013,-0.8498443694647918,0.24822058630033608,0.18186625505849516,0.6327818661062848,-0.4593608995402441,0.3384964074944141,2.270692857804396,0.8303358165442456,244.72427753241985
-0.24702570074599667,0.6045153263553668,-0.06613261462582246,0.2658782296520485,-0.4700421477595015,0.8823330623234091,-0.4367197360405955,-1.2504077339697175,-0.45209033283308037,2.0997217891665154,-64.44841548635203
1.143754043206929,1.6764373122752827,0.7708651938869668,-2.211135309007885,0.8294055811834892,0.32692737376416264,0.23561455810856594,0.0184183791895517,-0.21910052880886424,-1.4785862457798415,106.62997695858627
-0.7730097838554665,1.5327389130025777,0.01259240078179486,-0.40122047188583626,0.6901439917111125,-0.1087601484568576,0.22409248181041677,0.5193465142411723,0.40171172209894146,0.09767609854883172,230.78410511467482
-0.8082982853551515,0.49799829124544975,0.18334200573835174,-0.7673475628880495,2.1531824575115563,1.4511436077950417,0.8723206367206782,0.024510174258942714,0.9592708260852069,2.1898029332176723,244.7795333172255
1.0654803750653512,-0.4397310582741749,0.889630795623437,-1.485560373036972,1.0318445394686349,1.4469778843537329,0.26705026586925884,-0.18687164416135904,0.19655477651157463,0.08228398927542419,-25.803441501469592
0.6124687940136023,-0.3020454994898642,-1.5355721232071058,0.3161559571827783,0.3350580290841175,-0.3294477863470914,0.46926758980852623,0.6791427754381955,0.7318707042882956,0.756788679986982,110.51321608971452
-0.47209057769712737,2.2313001461926323,-0.620847598251116,-0.5426737997340217,-1.801057734152739,0.6380511014407572,-0.7877837519082389,1.732514999485092,0.5008444749444569,-0.1681438185847896,320.6564675372831
-0.2916937497932768,-0.22577630048653566,0.37569801834567196,0.11092258970986608,-0.5443827245251827,0.06752820468792384,-1.1509935774223028,1.465648768921554,-1.4247481862134568,-0.600638689918805,-49.8883052665343
0.5078357562896237,0.5562300094006599,0.26859227886325693,0.9278401280812372,-0.643518230380143,0.45588777208160763,0.0570131248970845,1.328194141849058,2.165002344901084,1.5284684264125317,380.6882200598142
0.006799844559997769,-0.07595102364252276,0.18474057889572446,2.0895387216947734,-0.835142901630023,-0.31984752325484395,-1.6076610271180587,0.9873345165891019,0.15175799224874037,2.0236062192296393,127.20097619730817
0.5999287299962045,0.5296927543567308,-0.14408755572161547,-1.9754665663538713,0.06447441481012024,-0.07049877805909122,-0.9393353938187543,0.056649924897107164,0.4865016438262019,-1.2096947428411076,36.83262947132485
-1.0227925651984056,-0.573700003938579,0.1200313267182613,0.4363236696740321,1.7275431701007113,-0.02435459226098284,0.03800347816820029,0.5228354880354996,2.1422703586118637,0.6135179727304166,272.2045386445052
-0.08152267310164589,0.40429475496169764,0.31965182591897723,1.192507512477975,0.6802161054504494,1.235782191822154,-1.7785875840065168,0.4367385517335095,-1.0710536796490489,-0.5041798310076715,86.21503663488399
-1.4123037013352915,-0.46572975357025687,0.3142473325952739,-0.5622875292409727,-1.7249178325130328,0.24196227156603412,-1.0128311203344238,-0.46341769281246226,-1.913280244657798,-0.9080240755212109,-328.61130723957046
0.29698467323318606,1.307142754282428,-1.3204566130842763,0.7818228717773104,0.25988279424842353,-1.6074832345612275,-1.236950710878082,0.22745993460412942,0.1846338585323042,0.5219415656168976,138.93871365998254
0.22388402427913137,-0.05558467091045507,0.725766623898692,0.1292211819752275,2.4457519796168263,0.2799686263198203,0.10939479460489289,0.6543656563540577,-1.1254890472983765,0.4810092317367132,48.25686519554944
0.3465038817307158,-2.8485426206300755,1.1608267873785194,-1.1196698946261439,-0.36244094140313216,1.1487657003721035,-1.2946814757209058,0.7716987106483447,-1.7397137787780996,-0.46770120131189136,-403.6465571704114
0.9854496856152184,0.7450053128772811,0.21471318317052634,0.2522403964266774,0.09175248444837286,-0.19469729611668168,-0.11622904312195817,-0.7188323876087304,-0.06418817710849775,1.5781180575621845,-2.240439163038129
0.4663583744463345,0.24650477843200488,-1.2575778589146163,-1.0150941918278686,1.5805406865683735,0.49822174849678513,-0.8108575112103382,-1.111457956937032,1.1401490385212665,-0.23401985910698136,78.59846474271845
0.7003098794089914,-1.3516846056163336,0.1848361236948739,2.632382064837391,-0.949398888831943,-0.9758732529773327,0.4933179008808892,-0.9232332461109043,1.0536417966078395,-0.8583577801812136,-72.86800270084048
3.852731490654721,0.5607845263682344,0.5137859509122088,-0.9378250399151228,-1.377669367957091,1.083051243175277,0.5150352672086598,0.3577873603482833,1.053802052034903,0.5150476863060479,116.59142426737962
0.5132674331133561,0.3571125715117464,0.32875110965968446,-0.5017570435845365,-0.8084936028931876,1.477894044741516,0.9154021177020741,-0.21967188783751193,-0.5182702182736474,-0.5297602037670388,-48.448814655894495
0.5925269492011831,2.5581992856682523,1.2083662305931424,2.006092888159123,1.5421099525678756,-0.5642475986573886,2.061503576636398,-0.5518581458924467,0.18455130319703697,1.0240625258114624,340.356151915741
0.34005129456889044,-0.6897277740641738,-0.2797601684958344,0.8132051867479773,-1.2565068942792563,-0.493122822399772,-0.2789629303318085,-0.01383774609423725,1.4436320034688142,0.7903718960517113,36.76308407254485
-0.5640786307367284,1.8811570694405901,0.7083564472993533,-0.5020542243526112,0.4400144500533324,-1.448013900416244,-1.0212328171307132,-0.5551995266931984,-2.198805956620082,0.24380071377119883,-90.53652739153554
1.2358116200069387,-1.3526702858435344,-1.7073579575929467,1.5337277099164992,-0.6292633936927887,-1.5223591862178911,-0.5358014630522978,-1.0293715081820716,1.1126883749899252,-1.1165244399486591,-120.0195984189899
0.7348777860498175,0.8157372125392968,1.6073455760199926,0.28257995048829965,-0.1671217137864115,0.8604734883597454,-0.24869112618354708,0.30740669780910074,-0.5830774385689385,0.49097495163825133,80.8674431097463
-0.7534178703461835,-0.48791140814570266,1.5615111967268527,0.2992925804064919,0.742095372009307,2.1573082132655035,1.301741289398798,0.6779258713392691,-0.6057149230033384,0.032004149065766624,59.90075530736618
-0.5391227031489786,-1.5166425494207911,-0.8372624310497003,-1.097302527632844,0.2167755637626291,1.4769344261182744,-0.5888668267386961,0.29562448874709507,-1.167779551267935,-0.6078752606758179,-233.5957142468585
0.6283455092642799,0.5951570254369136,0.7916626939629359,-1.2141886127877322,-1.006017381499702,-0.8182206832334725,1.1581108735000678,0.09699596499271819,2.0923872756854602,0.6241198170521551,163.4426271256363
0.9022771737866472,-0.21804589539237385,-1.405567019178642,-0.7847619081277034,-1.0896330373423884,-0.8476339286190848,-0.370508098590029,1.80930634973311,-0.6520888885930607,0.015618333949603047,-45.991736139993264
0.9375701376265584,-0.14451867071551783,-0.8170886310681906,0.21329370737293857,-1.8936146669537857,-0.7924199209999613,0.0012054753622242368,-0.6751782749743815,-0.3079615296390403,0.6592456684324051,-190.84690901307303
-0.43745830032341043,-0.6097829043193822,0.41953244390702776,0.648280433843859,-0.78489831308224,-0.1340171666729177,-0.12094814860778157,1.196631486645651,0.014688194729197093,-0.8874921778021001,11.172957400552015
0.3216978061960136,2.4929995174327906,-0.29027454418865134,-0.09888965319114267,0.08182935854756501,-0.006070911539893324,0.9190764829877686,0.3885786045309641,0.8384907744516419,0.26739231407190295,357.69913692797553
-0.05576907765770601,0.8335289616089246,0.4190190093660452,-1.2096410186912054,1.2276689924732922,-1.9937356425714554,1.6725723868377034,0.33088023221445706,0.37405656984757213,-0.7050118557584089,124.25380080031809
0.24333944932269183,0.8724573282801447,-0.6919080698812444,-1.0700847663261526,1.8466369960476658,0.650201177958661,-1.5255251709247388,-1.2803043986708944,-0.09917586377938291,-0.045586016355497805,46.32653550961355
-0.535235211560568,0.9246336829127688,0.6351718016819695,0.3934853854217496,0.6982233136135899,0.05963036992017413,0.8951932200277323,1.3993554365860021,-0.6469367777055739,1.0495527153193351,212.85455885201546
-1.5148472246858646,-0.8571575564162826,-0.07282891265687277,0.714000494092092,-0.2234627853258509,-1.0708924980611123,0.47323762457354485,0.6256673477650062,0.4824724152431853,-0.846793718068405,19.077544677122724
-0.1590452104000513,-0.9244659881295544,1.6259589153620633,-0.29983819627488056,-0.24338397937501807,1.5628887685081978,1.904136589573007,-1.703871586826719,-0.2739930818293042,2.218780233448134,-214.78054222049673
-0.05554769889661878,-2.0392321777601006,-1.3801014582148914,0.07409478041977519,1.502357052096028,-0.26940683444455776,1.6286155455712918,-1.183258512665775,0.7175422557959623,-1.7033824393551547,-198.25172760259835
-0.18490213644298903,1.159329803364248,-1.251113576385303,-0.3095464393139903,0.5931012579683838,-1.0810633275998973,0.326133022242118,-0.3609661658190799,0.6159356069442637,0.924027019206901,156.4877291470871
0.1704162223754877,1.2187618516973167,-0.30246968648812833,-0.33708597111803934,0.14866745720211155,-0.213442870930208,-0.6134026635409398,1.5307508323436974,1.490726136849952,-0.38817681854122876,385.5606005054263
-0.4108142879545848,0.8108082731597821,1.1267051368275833,-1.6624919880356743,1.3043402428781525,0.793488720552213,1.0325462043416573,-0.1343087414705478,-1.7485319732381808,-1.0909664302151982,-68.33548788752415
1.9583474542205939,0.7479102561175338,-0.2860042218801108,-0.9193845915864234,2.0740826697499735,-1.0727430257398065,-2.5302875227463297,-1.9792998103757877,0.23924686411114954,1.100959634998571,-58.681388978715226
0.1941076309533577,0.8333339117803071,-0.23052462518025083,-0.513196364513396,1.2179591523055584,-1.10486279306252,-0.7179188907476018,-0.5482687949250771,0.22054142701386686,1.1797252083607102,61.284358296565415
1.2360931752104374,0.0760053914124115,-0.9039076414647897,-1.4137144969049802,0.169360824036078,0.5387559924463692,-0.11122606134870032,0.5583269125217224,-0.9206735930793662,-0.7355299425897666,-62.83747624497814
0.1998104337187135,-0.06863404608546861,-0.8463159774657358,0.10575379127148042,0.9113627221747217,-1.3683150388328105,1.2637066776546686,-1.9122549754197768,1.987275999230808,0.543479378670093,53.90097978413345
-0.8169356709872361,0.5072740311072977,0.14671368643332283,0.6487098875896427,1.3821589910375272,1.066674689589154,-0.16711808031685435,0.820482181197364,1.1692955904456728,1.2065089665083568,351.7007243686862
2.720169166589619,-0.8158102849654383,1.4535340771573169,0.8271832490360238,0.27669079933001905,-0.0771017094141042,0.01300189187790702,-0.8895144296255233,0.3411519748166439,-0.2646568332379561,-73.03421341560606
-0.4316203127180484,-0.36682441181468756,1.5213160519224513,-0.3223204692113399,1.6153756894694418,-0.3917581490438219,1.2171585208254965,-0.23893209916969432,-0.9224101844985025,0.9983108981479604,-103.04336566047813
0.7519330326867741,-0.026513875449216878,-1.168678037619532,0.30154734233361247,-0.19236096478112252,0.06023020994102644,-0.03471176970524331,-1.9187712152990415,2.463242112485286,1.1428228145150205,61.952383350646635
0.8502217421134929,0.47704082722312147,-0.4281151609659125,-0.4937565831613125,0.99626681944714,0.07682189106025536,-1.556581898659751,-0.04692057887918407,-1.2829922241885696,1.5007597906343109,-81.58516752777396
-0.14436041192394247,1.1265650295477574,-0.024125087110003277,0.05921843401448826,2.5733598032498604,-0.26888869055483056,0.013929291912946203,1.8489560949453452,-1.1065259087416703,0.19808476076785494,261.20799504671265
0.14294309476370676,-0.33381948975600995,-1.1267674689098053,0.4477169258102776,-0.10730214400422888,1.1731246375866413,-1.5708761520684993,0.6969544045107356,0.3696421921980939,-1.1939250063990554,135.69332377432892
0.8178896580250287,0.30047435961082836,-1.0718572330401555,-0.07576428653545988,1.0391117874202687,0.6222071440434019,0.6704806172412126,0.32674476460232005,-1.1388331177807691,-1.5537587660160643,-13.466397342150373
1.3149144535840473,0.6778753195309076,0.9528745472029388,1.3736585451629577,0.5112025995249807,-0.6540756831274238,-0.13744851462769186,-2.703232292999237,-1.830632896856457,1.6122782579886454,-286.89517419619204
-0.014452270878279104,1.6155828235482317,0.4240610444640897,0.2801611588196068,-0.02640575695892703,-1.234348871879922,-0.8096035199216461,0.9648516330974576,-0.5924642591528942,-0.47383934707091613,150.8467354095898
1.1195749114345768,-2.301921164735585,0.3112501545435361,-0.24903603955637832,1.6449677135012837,-1.5151910621985523,0.5765569630557664,-0.275051697151644,1.3668742674445247,3.0788808084552377,-75.48425864806879
1.3289333195354096,-0.2440804736742013,-1.3122191934314063,1.4313667818311835,0.33385996656853467,-0.039307287627631186,1.0817667276728287,-1.0166831285764972,-0.1344967844017327,0.6220699903060487,-70.26461729265036
0.4720022709192744,-0.8318222082304447,0.23940450053537707,1.4872461553359273,0.6820520657126199,-0.06717829004935526,-0.580053241370043,-0.9161919154812425,-0.7157599891107518,0.49968511030293383,-157.88133302186446
1.7106133725819253,-0.3493167961181975,-1.067802921579193,-1.616310608436588,0.7999419019420501,-0.01941960588773261,-1.053682419146354,-0.22346598237185214,-0.30317978283427544,0.9503075919735757,-115.51819999059873
-0.20219265243389406,-0.5601810401969696,-0.5915713888358299,0.117327383308782,-0.020901593964148132,0.7472936051232618,1.277664895788425,-0.8289950109220723,0.6103702654334648,0.5470973811700379,-34.39801352612985
0.4070522871245351,-2.9403886346642802,0.9475264621228578,-0.38851845308888583,-0.018708756445897416,0.655900776529761,1.1241127199860135,0.5935567222808619,0.19473619471877485,-0.7728776678236091,-212.44308095195015
0.02688583899453078,0.42545756178496474,0.8773622905756714,-1.1583646891925428,-0.0036025390905684044,-0.966976143129213,1.5033983017671506,0.7858001586508322,-0.047711356141979855,-0.22096417382966393,25.43290484288331
0.6565536086338297,0.3464482094969757,0.4738329209117875,-0.7143514180263678,0.29307247329868125,-0.6800247215784908,1.8657745111447566,0.25049285034587654,0.23225369716100355,-1.1913034972026486,4.77918732255111
-0.5290526773462948,-0.7472116791478234,0.5159392177040995,-0.2813275571182134,0.7368438970924334,-2.4242402602729416,0.06699071722487192,-0.021367294348436157,0.8840453963610497,-1.5625458568865427,-10.537040062256597
-0.2711236010425688,-0.20367375017696587,-0.8031789506803448,0.3673655068161781,-0.22647889190152676,-0.877982586756561,0.9135846262332494,-0.10015407647995278,-0.82688035403986,1.4926885689595217,-126.57465685956898
0.6731813512699584,1.702214944635238,0.38115838488277776,-1.7607627591558177,0.5655096456315442,0.24075317948856828,0.7533416211045325,0.3088330125989638,2.601683114180395,1.2897527540827456,403.7669670926744
-0.6905410523162594,1.3814540786904865,-0.234407800316322,0.26348721533105957,-0.5029747705513431,-1.2922626951056186,0.2942241290134937,1.7495839042054206,0.6897078052451944,-0.7837656655863965,306.53337523192823
0.2700573583914221,-0.6085897232397004,-0.5703513664136806,-0.25885440036983165,1.223083067095325,-0.5289777080640152,0.35250496835687956,-0.8245141615276735,-1.0565576427602528,-1.8206033005485172,-217.11053105263397
-0.13014305436768459,1.09877685198719,-0.31026675659345604,0.02100384163275905,1.305478807154329,0.8254163489880298,0.6819529712949639,-0.2176812032272203,0.8135096360006385,0.3241663524884421,232.86343985131106
0.13074057728609134,-0.05952535606180008,-1.4301413779606327,-1.2477831819648495,-0.2525681513931603,-3.2412673400690726,1.6324113039316352,-0.926930471578083,-1.0243876413342898,-0.44004448669698376,-327.15130230995794
-0.5495402745955349,2.6930336639804966,-0.8330560570007587,-1.7762463334664518,-0.09546424708907303,0.34980002456790754,-0.08059974929676088,0.18383451632250436,-1.0040545968420103,0.9153902755601617,93.51657722997393
2.2105230015913513,0.3098207102270275,-0.14700200162848862,-0.12982069973342616,-0.1852876588777083,0.6337768809320985,0.0438114719791096,-1.1875984190295128,0.41379909745149823,0.9638791167949097,-24.768800068492343
-0.827230943552323,1.475356216949552,-0.2886586389201383,-1.0025293646378088,-0.01901620790268883,0.8576596232020194,-0.01851313599238993,0.3109075655980046,-0.1599385299634271,0.3227185603380895,144.22488817751892
1.8540925663341883,-0.19365945927971812,0.6308116845547775,-0.12174750838328353,-0.08268068584269925,-0.7168223206028049,1.513449743242131,-1.141689114133505,-1.86653661707306,-1.024186824329205,-325.55739911637033
-1.9875689146008928,1.5380365664659692,-0.29900735046586746,0.8219025043752238,-2.6197451040897444,-0.03582603910995154,0.08704706823817122,0.36139560550841393,1.5646436558140062,0.0917607765355023,240.18554538106457
0.5576910607251245,1.6614701657280182,-0.31771509675623405,-0.6163614080394775,-1.2601647651725802,0.020886488295961788,-0.375196380323937,-0.17585440443207118,0.23070090571868349,1.2816437950037687,88.30381037927421
1.6964563682900382,1.0490092258368893,1.7547941819843647,0.6060099513456396,-1.5566291735239037,-0.7043436905427592,-1.280429352496283,-0.5227230205190395,-1.4084612963635597,-2.081929407883722,-137.5241068536537
0.02131164867194222,0.11502607914741717,-0.796025856803489,-0.7519693317388191,0.21319662823768915,-0.1601327955666404,-0.31905393566661816,-1.8751724696457446,0.6713400764504657,1.0760071385985983,-90.37752257337564
-0.692420979873856,1.695051040430753,-0.03703679704841202,-1.3200225112207058,-0.7424705856980482,-0.622649361734452,-0.6117690909052854,0.043602446372453724,0.1946074552372427,-0.42930222451725997,102.8360376515469
-1.1308884353259157,2.98525900260341,0.606850593215671,0.4826878872092127,0.9218015019772522,0.3674816654743044,0.4200944904518413,0.17521141890851205,-0.3135296861723979,2.0565435648295414,349.1440739327546
-0.186971302985446,0.8177662992002871,-0.30522470435466764,-1.3118362323501596,0.010352619843380607,1.3902075490173134,-1.0651136630753726,-0.025026958745143917,0.5578103063518622,-0.6095122021592831,145.85731211156258
0.02127157673606165,1.173473857485325,0.5863640187550933,-0.651356893791829,0.3996879517526416,0.18102155870370695,-0.5286166817497568,0.6628812686674127,-1.2968319479558466,1.2382830714336357,32.621173313977565
0.40865281148067084,0.6170059495766975,0.14338846734225108,0.26125053123385605,1.2119439853864005,0.6835693232004776,-0.36927713924620315,1.0599363840466218,-1.3659557112005343,-1.77623523289832,75.2765226147902
1.1484457091967548,-1.563190808696657,-0.7517910500951843,3.193107567844861,-0.18047991359062565,0.883109777147159,0.29875290836568624,-0.2918112689155441,-0.07783719701280203,-0.4263575962055433,-69.49377666196239
0.5425600435859647,-0.13826430117118466,0.7674347291529088,-0.23413695694918055,-0.23415337472333597,0.6476885381006925,1.5792128155073915,0.4967141530112327,1.5230298564080254,-0.4694743859349521,167.14088093064808
-0.2523535021262876,1.3748764191481848,1.6246784584695606,-0.9533286082587124,-0.4827435221820324,-0.6459641791245353,0.12267031599479553,-0.18289644110484016,-0.7991920066502536,0.3230792731160291,-34.85332647964966
1.7586204841951334,-1.4485914146335441,0.996858773465808,-1.1119670257741636,2.620793091029975,-0.29967664800678706,1.4641772387524374,0.03823799496002834,-0.05020461704174478,0.2806364044901364,-56.07863003268536
-1.382799730964336,1.4799441388900259,-0.1903386780836082,0.5389100436846587,1.5231240772696573,0.0773683076476183,-1.0372461543264564,-0.007972641316617372,-0.8612842013282637,-0.8756182533847572,137.16675578879858
-1.326472128311083,1.5379319184125528,0.3405892164004968,0.271495310825648,1.0176614668435024,-1.1225448062444139,0.5514762752395233,0.8187776437548606,-0.9175028210142636,0.39069592092814415,169.38183717709583
-0.22476540189268354,0.0030460201534144695,0.9343199112392737,-1.4848979684499035,0.9495541354413237,0.43693816974634986,-2.553921134901955,0.1605739810498646,1.1906462747863413,-1.366878698415421,143.8704692527388
1.0352493347237526,-0.9571509148950429,-0.9242331442683044,-0.7584953347000695,0.03279699541158651,0.34378788154988543,-0.23040071420576733,-0.9637589262106109,-0.04865235157045115,0.8901984111247868,-193.59714149054193
1.8260097135469362,1.7117084801423434,1.0399046873960764,-0.20932367715186612,1.4711703274936085,-1.3719011429313563,-0.6690727386599166,-0.172946059923423,-1.6135613978767411,-0.6056155397368641,14.255948785395557
1.0143700650181304,-0.978372777615032,0.9826909839455139,0.472597482413043,1.0291556373256436,0.40825275571447184,0.25602973431387566,0.19584525509768155,-1.7025836042378404,1.6654744444625766,-146.6220648727486
-0.25890497370407733,-0.024195606390916165,0.2011596558728393,1.1876793884615637,-1.1790397911598025,-0.9037018607301281,-0.4646172972983931,0.40373009033660945,0.324359281721603,0.28328787154614216,14.906301190251778
-0.8946073022195039,-0.5160447282173739,-0.4787486216634773,-0.30917212346863937,-0.4344962274323156,0.09612077694098337,0.22213377163371284,0.9382838059759977,-0.4622752887050425,1.2557561255735208,-75.25465516658247
0.08187413938632256,1.135565640180599,-0.23681860674000887,0.7589692204932674,-0.3152692446403456,0.9540017634932023,-0.7728252145375718,0.570890510693167,0.651391251305798,-0.48536354782910346,276.45984840679387
-0.0635245746153551,0.3891591956679287,-0.20298063739565708,-0.6256772874962124,1.0964692338108837,-0.053120653017545344,-1.3192471945987674,0.3721054726068629,1.2235688824186275,-0.8000385643976464,207.98352082604976
2.0102045387663496,-1.515744114997232,0.334456789987025,-0.38770155993598415,-0.6127886904843862,1.5475052013300616,0.28586539072490497,0.2029230208512997,1.7958776730955217,0.6585442726728304,12.699793378841825
0.22323891412915967,1.2619215007139917,3.1377485336599937,1.3744380931708173,-0.5956612940434921,-0.9057323008626189,-2.1356742139786955,-1.7730324682068814,-0.6537663386488198,1.0560568090660518,-114.13321257027891
1.1398785611290454,0.32579631658216646,1.3175975356079597,-0.29540141013902943,0.33848384346169114,0.19438430157733602,0.1684609762696143,0.5796331732135757,-0.35316629281068834,-1.0065425652796411,57.002998345024125
-1.295078772063616,1.5295503194606137,0.07331796718840389,-1.6548566718657693,-1.0121043752601675,-0.15800789857898942,0.8231705839619146,-1.6924646297148194,-0.42688106994742003,-1.2899608997410539,-129.9568551598536
0.8950383140761154,-0.060660813814620775,0.5087250232299338,-1.5841359430054898,-1.803139676255945,-0.7084067669104628,0.2671266510114834,1.9011906857530074,-1.5137143926128271,-1.5811907020321334,-164.8562277319609
-0.57581824064468,0.03526355197172861,0.7575077100473051,-0.22096959953322298,-0.11232804969082982,-0.6997255079925856,0.6141667000434252,1.9647251329163893,0.213979910734222,-0.5305011476105275,160.76793875901376
-0.37061433208610595,0.39580353343740904,1.1727290192593647,-0.6716233679380516,-0.5503051538454201,0.4940301862827388,-0.025554070991445278,-0.6255627015095294,0.2606737658239071,0.5436001545944323,-12.666064808359483
0.9242701395378298,-1.879924385139045,0.003375506597160999,0.5346290861224353,-0.8682927318763665,1.8709651753717822,-2.6357477390168778,-1.5859833122379583,0.38961417737090387,0.32782117284308526,-257.93638382395244
1.3404504460231446,-0.08310557262869477,-0.7521564055905832,-1.4575514994649306,0.08243975293450329,-1.5047203740310022,-0.30920907704986345,-1.4063174636718339,0.7600559636896026,0.31917451041918043,-121.10487812367901
0.8876554258738361,-0.9980606273144129,-0.18319661872038787,3.109918556005361,1.9956674897839644,-0.3839712719523516,0.6067230591361827,1.0519476177229186,0.2502002062516945,0.5345056484805503,180.32577431541753
-1.6609609335159914,-1.3353443587101013,0.4591800792284367,1.0807807255546218,0.5597904479310398,0.3801978510059632,0.8339221545489041,0.17770100093325383,0.6105857452838231,-0.07016571145864703,31.99877252903176
0.9216501119244593,0.5844129804724842,-1.3303136257389898,0.10435593752321293,1.617212574968624,1.9764405845154855,-0.8987840483231282,0.10589445311523424,-1.5642416117110514,-0.1891203907770335,26.448625968526887
-0.0657502610729878,-1.0265152994110602,0.37721187506452086,-1.5231869047837747,1.1950466289248425,0.132969674146876,-0.5589218472715883,1.073631749859772,-0.7001208149391732,1.5655240292343404,-91.85905733473263
-0.810252437014381,-1.2542894231692494,1.1647393544571714,-0.03564148229748357,0.46642998243352635,0.2935579321666293,-1.6151318159055095,0.7942646796218271,-1.356581804623405,-0.7345915767980492,-158.6930506882201
-0.05139372358848624,-0.3916485674217911,-0.029262813684978354,-0.36961033604363397,0.6215718898560508,0.26912694124510733,0.37710039390218647,0.3080505395041023,-0.3431922754974105,1.1260502507721681,-14.941344248605118
-0.7537361643574896,0.787084603742452,1.8967929826539474,0.4127809269364983,0.9633761292443218,1.158595579007404,0.82206015999449,-0.9746816702273214,-0.8206823183517105,-0.2453881160028705,-2.7626324507973488
0.4625912928539512,-0.4872285641135523,-1.148794035158656,-1.0858251288851855,-1.0872459388628026,-0.6757080791616118,0.6793732829565033,0.34767648353833636,0.0341524174880246,0.6663125009092119,-118.89634335157682
0.6296288419236122,-0.4930009346588328,0.30729952087660933,-0.6929095952606542,0.35701548596504734,-0.5893647569442115,0.8995998754332507,-0.20812225035727522,0.8496020970210246,0.8128621188389601,-17.00384201249487
-0.21344715171184725,0.2436872114919123,-1.4074637743765552,0.2320499373576363,-0.4710383056183228,0.24496657110872277,-1.4480843414973241,-0.8222203955664315,-0.5069431753711298,-0.718444221252436,-103.5354604888103
0.620672097550678,-0.5624667758942676,-0.24751863555150475,-1.5702247198904564,0.6218099622171964,0.632407739055521,-0.7271371758248686,0.7077519354554754,0.9725544496267299,-0.07443342910004629,81.87516092171644
-1.2308643164339552,0.06856297480602733,-0.3220615162056756,1.5499344050175394,-0.9194242342338032,-1.0623037137261049,-0.7832532923362371,-1.5506634310661327,0.4735924306351816,0.8135172173696698,-72.08484696744549
-1.0675329142542729,-0.8463566549908735,0.42359906559346105,-0.4036484632419967,-0.33477533210654087,-0.643549832317462,-0.955122579349353,0.48473281729447476,1.0299608175811612,2.062524919243145,-15.132838265731078
-1.4307751021180481,1.3291525301324314,1.8009404329108156,1.4401172154494728,-0.08973569428722672,0.19652116970147013,-0.6763923020592697,0.6427227598675439,0.7090037575885123,-0.04015795064434341,301.44454795737147
0.12354769595558233,1.532367724678116,0.885231482988991,-2.100026507651624,0.3676492929914216,0.49986412374037137,0.6255080168310357,-0.8184286659420014,-1.3993061748019415,-0.5923559556520536,-85.3119512650417
-0.6226995198205938,0.6621306745210467,0.5883172064845765,-1.9520877995225019,2.1330333746562666,1.586016816145352,-0.15178509503558332,0.11351734525124804,-1.237815498826849,0.28099186773503265,-17.610545673210247
1.5634133588321082,1.090980425185967,0.02390304328495547,1.0450884740847535,0.24930859564172886,2.012270445700765,0.14488783309689118,0.38680852068920263,1.0237095461069814,-0.35141423571373254,350.7900888287426
-1.1196174332890112,0.5820977034686158,1.543243528272189,1.088748619704186,-0.372206776071053,-0.22648409884983192,1.884586305934609,1.221033695525353,-0.9594392367234797,-0.4888494217862741,64.51102693439117
-1.6304732437151401,-0.46649537922819795,-2.9911359709007233,-1.1476913898156673,0.32405702822156063,0.6404797952008238,0.08520944963390106,0.9965705105794472,-0.19050310599781134,-0.18689615816198485,33.10403644865921
-0.35151348404130867,2.075400798645439,-1.008086310917404,-0.4080753730215514,1.2012139221639448,0.8711247034316923,-2.038124535177854,0.2897748568964129,-0.32602353216784113,-1.8707919210258557,238.44672944942874
-1.92767257934561,-0.6355578414044034,0.3687331473175197,0.8141517621182666,1.8325570434792018,1.7388513518533313,0.48206672733538614,-0.11676591579524663,-0.3212427661179117,0.39379729821625153,62.39595357064487
-0.3853135968617602,-1.4358621511794394,-0.6002168771587947,0.46210347426327075,-0.9815086510479509,1.1631637521549596,0.19905969557347003,1.4412732890661155,0.010233061019587049,0.06980208499001891,-17.777953245283992
0.6795977489346758,-1.867265192591748,-1.0777447779293061,1.088950596967366,-0.47193186578943347,0.6862601903745135,0.06428001909546277,2.3146585666735087,-1.6127158711896517,-0.7153037092599682,-143.27071172526803
-0.1873290184063747,0.45838670355148425,-0.6677795564688862,-0.9096834169818336,-0.031058932870901952,-2.0870270186020687,-0.936506374789596,-0.6373077470287948,-0.5846177306571996,0.29219272832637316,-155.25246280310216
-1.6431888111541673,0.05088770185601806,-0.828497024780246,1.4898634386020821,-0.22320225463480511,0.1733416643704082,-1.6009039784765156,0.16476084123651674,0.24395319790850026,-0.10325476014904739,63.95364546460044
-0.987179527151184,0.14679301198554937,-0.7191533192424201,-0.8911922254152874,-0.2685306479058323,1.6122206282554243,-2.151815401329305,-0.4830610516834395,0.8968393158655319,-0.21113023882769444,56.2088296281168
0.19408999289830758,0.21915032766393897,0.1866091231563581,0.27902152577033923,-0.0952955323869521,0.24938368371075526,0.6078965097165392,-0.30777823495300083,1.5774532797634744,-0.44643361455052827,167.68221073632543
0.39792704994680894,0.4631847952675847,0.9413105807674833,1.0715431522348857,1.6999573745763805,0.19729226563120644,0.19063559126502433,0.2965755451407618,0.3113086734428849,-1.0325239035275395,244.8149328916485
2.1451491277733883,-0.6929051977959073,0.27899416222380197,1.2477420726737338,-0.2949496782920278,-0.7184072655691974,-0.6734906242438685,-1.243863235391285,0.8949243769444413,-0.8353470532597573,-76.59226762021798
2.088442772869925,-1.2585049106753345,-0.5647740041709423,0.43295982536069616,2.4267164863455224,-0.21701705042437042,-1.3776175007542373,-0.7095798547491726,-0.3084827884558197,1.0213832954293984,-110.94980145953699
-0.6451197546051243,-0.18565897666381712,1.0035328978920242,1.356240028570823,0.812525822394198,-1.1063349740060282,-0.07201012158033385,-0.47917423784528995,-1.1962066240806708,0.36163602504763415,-103.80888567736521
0.8816397569494505,-0.9555404406004258,-1.081548003614395,-1.4222537095976742,-0.7563507452843033,-1.6064463202575725,-0.6465728842425266,-0.12791759148076653,0.2034636358672231,1.6871416350725648,-229.0588296853998
0.6863184569567008,0.7906255991627686,-0.9539394193966448,0.7307641190665245,-1.2111719292807812,-1.9701038177118355,0.014273067836434106,-0.684629825760004,0.8925973382993092,-0.4070363129267805,15.456856080385448
-1.4066610968482223,-1.2795769667357015,-0.7553829323533225,-0.7257438131534656,0.517659020469123,-0.6248185776956788,0.18676676447707832,-1.8408742313316453,0.026091050210833786,-0.6115178029919482,-281.5397978490162
0.19686123586912352,1.8522781845089378,-1.9596701238797756,-1.2208436499710222,0.822544912103189,-0.013497224737933921,0.2088635950047554,-0.6017066122293969,-1.0577109289559004,-1.3281860488984305,3.0127425350702097
-1.1482632887526183,0.17682087213939798,0.8297324178791745,1.340461051790348,1.673452090298537,-0.5466800845872654,-1.2995812369275976,-0.7217375533372533,-0.2716551103260533,0.8113965544915921,11.480712642275357
-0.32483138350862245,-2.153390113603715,2.2524358053443088,1.0098170893426341,1.642015160136369,-0.6389617476895022,-0.6881503451777238,-0.9913923494563072,-1.3230897934074983,0.9817654869915943,-343.29936272208835
0.42719436187168486,-1.881849045497639,-0.8661748482145009,-1.0276751409259581,0.15985639199740037,-0.5487249077409615,1.2657078408647007,-0.12853751143893075,0.09284490114111471,0.9694572005267368,-247.63370360785618
-0.5768918695231487,-1.6615200622689599,-0.38455554422982535,0.047398671316414016,-0.6518361078021592,-0.06607979864731657,-0.8604133652839524,0.6385924587773739,-1.2110161997624567,1.0062928092144405,-269.6023027485449
-1.103589317215771,0.2811914239693758,-0.09833962679474989,-0.28067507686677406,-0.7539645888666763,0.10420110395187607,-1.6929568141953855,0.7589285897867651,-0.06259312789952241,-0.9885911071509175,68.99321188741405
-1.5558956462036273,-0.20358036010236177,-0.7699732310586418,-1.2239402667622565,-0.6492775450660071,-0.5816809139486437,0.03408346825922607,-0.3791277409874871,-1.0147567306928669,0.2337859117907477,-263.74573824618494
1.1087035805829077,-0.5308687729203206,-0.35929209078705954,1.8467073257360336,0.6818914896263114,-0.48943944251822213,0.5839281853259639,2.5269324258736217,1.044160877069072,0.5906548306923093,309.5333773704978
-0.5034756541161992,-0.9093874547947389,-0.5662977296027719,2.1904556258099785,0.5868570938002703,1.4027943109360992,-0.9905363251306883,0.7910319470430469,-1.4018510627922809,0.09965136508764122,-31.518007346484538
1.7495767431869393,-0.429405541125253,-0.6629009175509482,0.04059169120388238,0.04886007032570433,0.12229750303228377,-0.7019916878067554,0.12522450264790727,0.5432980290363879,-1.4026052717996935,34.764080575556335
-0.4501892648514116,1.2361307218062179,1.2038844371688162,-0.31607285602704976,-0.6176518954343502,0.08865759096143744,0.6157711497711416,0.9653974845911707,0.1973157074055956,-0.13944627568099954,191.20810173155286
1.188393273448084,-0.7982972445384537,0.2237879516388985,1.7945578635177877,-0.033126972873797095,-1.3793192280145272,-0.5176112990361714,-0.1769472274940494,-0.7309300399419191,-0.016422896072752075,-136.61266145764503
-0.9043166251044086,0.543360192379935,0.048084946661381994,-1.804882100664519,-0.7632591565425169,-0.6626237589458467,-1.6275424378831627,-1.6694052811213718,0.5705986685931593,0.25972250172148187,-114.72522166938778
-1.1978778925888485,0.9551423205012383,-1.035242322419374,-0.7928728322623442,-0.5302576183724408,-0.9857260463355437,-0.10703035995455783,-0.06267909727317188,0.5040465155178444,-0.553649305347182,56.63088071488134
2.589563642018614,1.4122205554154292,0.985729995679863,0.4283070972076486,-1.0623935281468797,-0.07964139124571515,-0.18714426500454878,0.02421945667275807,0.4523717962497339,1.1873860515647512,145.90544830177765
0.8534155587803077,2.2909425725907417,0.5639091200523596,2.439752406339273,1.0225704320096403,-1.389572466763596,1.3842728185105182,-2.499405714873573,-1.6453987469568918,0.594754341665286,-30.33486300829278
-0.8309501164110378,1.9094166404701305,-0.863990769679816,-0.48712538376469605,-0.6506425691218269,-1.3985675738191412,-0.5923939242388692,0.9261775475316414,0.5629692366905709,0.04852162794482699,232.5949123234024
1.2289805024890619,0.48387665118803974,-0.8866809222834573,-0.3078084711388841,0.4086073077017676,-1.1022921498364233,-0.838585798447231,-0.5312142946075985,0.681359510442948,0.5348173363459102,39.05719805607938
-0.6568942789713957,-0.6777153697521061,-0.9716140385106515,0.1846803058649084,-0.3653215513121087,2.013387247526623,-1.3471262895296965,0.4599721429391164,0.13653533108273744,1.2004139079444254,-4.72046841430322
0.3464884758979927,-0.03722223650984159,-1.9982006845321076,-0.08071658010858232,0.7326400772155792,0.7276295436369798,0.07863519031609059,-0.07160125941406395,0.05194588580729943,0.9163276747024814,38.95017768564053
0.38298898474092846,-2.120700152635066,1.3883377782084478,-0.4997301761516306,-2.7475048427252347,-0.6068651778571754,-0.5262478565174211,-2.238231233324972,0.45768658605355206,-0.38502181171286365,-477.78398421698273
0.5532512199847837,1.5192839236417688,0.8902475008365087,0.8545252270666157,-0.6578345538521371,0.5107920885275947,-1.091933900395313,-0.9077561801469204,1.0305805856240573,0.17183933979353122,183.96993532504294
-0.36650702036805183,0.8451579711843216,-0.062004009366031745,1.7041055162554912,-0.05240445057746945,-0.04889718347410554,1.2468917155347194,-0.2788833941507565,-1.405189846803575,0.9514492770580866,-43.70202263004614
-1.100154232971695,1.7952113559123222,-0.6172531865469232,0.4215866106144557,0.6659242520544614,0.23007075919140207,0.8389405004696122,-0.3206676255571917,0.49774308909139425,-0.5583017539460305,276.5974663024069
0.6962063648134184,1.669021525289393,-0.05429486651781221,-0.2727235697476705,-0.24574306408594432,-0.2595913513636048,-2.6968866429415717,-0.3357846992901282,-1.5031429531181062,-0.23093453020867796,-9.587648978470739
0.487872284871074,0.46217266608194285,0.01914777741575206,-0.6619821777966091,0.18970616761039566,2.0243096232868525,0.42588720619303577,-1.5981243518837476,-1.3631740045928105,-0.6414869090443096,-168.47379419598474
-1.503080301759818,0.9788580507817954,1.4015985929464294,0.5225141052657575,-0.8304444065565653,0.08531814256502405,0.4183982208886837,1.7388996637975789,-0.8082657216409264,0.6504500925361392,114.4436586513614
0.7604146561442974,-0.6810516574748808,-2.4238793266289567,-1.889540730945531,-0.4461834332147797,0.8406435489887241,-0.4523063192490767,0.12810441491078928,-0.6526239793023909,-1.5839028234857233,-174.16318528704048
-0.07444591576616721,-0.42064532276535904,0.17457781283183896,0.4040508568145384,-0.16128571166600914,-0.3427145165267695,1.8861859012105302,-1.4153707420504142,-0.8022772692216189,0.25755039072276437,-256.17452351103276
0.06751848141010895,-1.1246420918378692,0.11567463429285867,-0.7484865365565536,0.33231401197959165,-1.5341141707356223,1.551151975522523,0.7116148780888898,1.277676821898509,1.1792971840638264,23.391972202950377
-2.8722622132816493,-1.7684393655628516,-0.5327008396619114,-1.5947030672667954,-0.46603650186824225,0.32316771418478146,0.5136001065697166,0.14088624691120394,-0.14760258629866868,-1.169916835710288,-268.3097598583706
0.6256309336460009,-0.8950698422766047,-1.232523314768509,-1.3671378064602457,0.46320629209912306,0.5972282182533848,0.8481742126666681,-1.1755946056248516,-0.9483480042242007,0.5522999376795232,-284.80596142228285
0.9262154022415924,-0.13737178839939665,-0.13427916218630415,-0.5827586576115821,0.26536234939962844,0.3904648499288896,-2.438817158276429,0.8508979621679722,-0.10322175293249623,1.42274813609994,60.98192030033459
-0.2634482160822491,0.5820265670847269,-1.5648027713620551,-1.962625691672579,-1.008554684076208,0.26044226333355597,0.3496500472996937,-0.6967718184295749,-0.5388418561927383,0.0953441994413082,-147.29101197612445
-0.5769036556624031,-0.5993926454440222,1.8761708392158862,0.15039378647620763,-0.759132661553698,-2.123895724309807,0.34175597577715944,-0.8397218421807761,-0.525755021680761,0.9504238381860503,-252.1974480204539
0.4794415180860639,-0.7465783465402389,-0.24149744587077882,-0.28487549336967083,-0.4911537471421047,-0.1767741631157821,-0.2561797524953801,-0.20585943088034037,-1.5486182988637467,-0.061764199860128925,-267.81832879087744
0.3011073391917421,-0.5574230531083212,-1.7858664919341112,-0.8484286341908146,-0.03143917037477642,-0.41299782214343406,0.5731278132412001,0.5950294658355647,-0.9266983088473107,-0.3596296724524624,-137.08710254007462
-1.142970297830623,0.8563987943234723,0.1537251059455279,0.3853173797288368,0.173180925851182,0.21409374413020396,-0.883857436201133,-0.4465149520670211,-1.245738778711988,0.058208718445999896,-53.65701082536868
-0.8848027140269009,0.5792914996010884,-0.933267959073196,-0.15852957302697002,1.1965715016644913,0.11958036841415326,-0.02730453950993186,-0.015309849172995557,-0.9730689408815555,-0.4432822511915103,17.661185662847142
1.8124485579969287,0.12200981464536144,1.77080063563551,-0.7031764251258874,1.1492733262856758,2.5600845382687947,-0.0349884904969617,-0.5756378262377739,-0.09605989972464987,-0.6269670577877674,50.66769794559959
0.7746340534293368,0.9178619470547761,-0.7076694656187807,-0.48423407286625136,-1.5193699659540134,2.1221561970126332,1.2669111491866227,-1.2608839543350452,1.0324652605511468,0.44381942814622843,66.66091128432699
-0.8469613483183278,1.3757068133116195,-1.4400508825942944,0.015579047581467534,-0.1730718242838696,-0.15005558703252672,-1.0962750868952018,-0.29756350335999193,0.12557645347154225,1.5945050632249722,109.39215003171141
0.06934433703625043,-0.92951086019241,-1.0039573720814985,-1.44964521969853,-0.08343796979036086,-1.496529255090079,-0.9218598131253132,-1.8461878622380938,-0.6500239344068982,0.20726732939894396,-355.42330330770267
-0.7449026448064491,0.7542913298135743,-0.8818746512277178,1.0701502383164274,0.3514482075415829,1.188913371474643,-0.026521259249060063,0.8004095252276823,0.7083038472010638,-0.16306696394376388,298.00792287926726
0.6031874310823431,-0.9020515543575104,0.638391925608383,1.6426729532559634,-1.1894118928673278,-0.8696630812746944,-0.9006207346478687,0.3764095260975166,1.1254347844147694,-0.3286184757489846,59.45165092328267
-1.7587394864231143,1.7553408424432044,0.6860514599984393,1.3686315575323487,0.6453759495851475,-0.2489641484790735,-0.9649234605801045,2.060747924881987,0.9715709509543554,1.0584244868495878,515.2344127491696
1.9140313538667861,-2.8962553781936893,-1.0534155631736561,-1.0399059271255309,1.1081828167375165,2.0883747047807275,0.6127739050625697,0.9980101098596522,-0.13958962815517376,-0.6237689606958051,-155.3253987595758
0.751387123371789,-0.05023810944913695,-0.977555244798551,0.755391225825756,-0.5767713305683327,-0.23894804686640975,0.5009171876243808,0.2704568257798388,-0.9075636620415979,0.09933230542922587,-87.38861567576045
0.6329318177555108,-0.5554771191602547,0.4714155563864041,-0.5707462937494763,1.4205042479898549,-0.6373871273065177,-0.8323555731042287,-0.6231405264247644,1.1890165311075518,-0.5522230442809712,52.803738188950675
-0.8058700664961888,-0.21492103028873533,-0.20922187374452778,1.395683810789956,1.3103087461196083,-0.30803428418574125,-0.5621680265783021,-1.1057046684859357,0.7796605322693398,-1.6834381922209503,88.39124493344674
-0.25083301645504735,0.5366527525272862,1.5013336519554867,-0.7567950885694608,0.9960476858058164,1.185704154662997,-1.4218106667418438,-1.0469109826819396,0.7189533106650667,-0.32267983884213575,82.74295548110918
-0.9745293046706415,0.4891871301476635,1.8998819348952156,-0.24125765461854246,0.40981865692851255,0.6347214685617699,0.6725737012027313,0.3506300992735592,1.1096998419562232,-0.13263374638257355,190.44605331582417
1.8381836767951225,-0.2595466775839172,0.8080577982811451,1.0859821161750323,-0.9354387020445953,0.738810480887503,-0.535963445114048,0.5131057981760827,0.6153674840130534,0.36728731340134063,77.70764802884106
0.4241659464019164,0.19759960469239965,-0.48388583405432156,0.1979107834626478,1.7359638031652493,2.0752608726252655,-0.6514180036144483,1.3173940656343257,-0.6891878180895679,-0.32034730819432017,212.14947177139655
-0.20447122098612153,0.4632885301181062,-1.151014083619507,-0.29660745906979835,-2.529560077694303,0.04351466864346608,0.241321934916781,0.41486550036191044,0.5581395145185063,0.38632331781156,32.950420683782845
-0.3340772309799405,1.1695899924277735,-0.062191016999311004,0.5142547560178349,-1.5311075025557221,-0.22939074406802776,0.5720574417141441,1.0473177066214483,-0.04347694981386243,1.1243533598705027,139.86523076966228
-0.49190244750620515,-0.45730165508679,0.21128369227947272,-2.246889333984605,0.8484308822052846,-0.04282338131157488,-0.6067002947652967,1.2374381346841392,0.058022734808395225,1.2000789564268612,20.04357748896066
0.5467335682013793,-0.11806852699107874,-0.5047749212282174,-0.022868062298882122,1.2969945465611092,-2.1218548990085946,-0.9993022322949108,1.3171150673398653,-0.6078219870944325,0.840620026504553,35.87109194932316
-0.7783047254023127,-1.7101683926566256,0.34758170536167105,-0.18398333635267913,0.17086543812794186,-1.348185422105713,0.01843393306539316,0.3078017688920592,0.743264094022715,-0.5397596803093615,-115.95891926080056
0.6227112239002686,1.5730197252148563,-0.7582820688875902,-0.4516594761596227,-0.0739475656083926,-0.46580556911816284,0.19502498402812674,1.75547569831549,-0.15083771156669531,-1.1306153349375263,254.851779913005
-0.19634984908497827,-0.3492577043184288,0.23878915902651351,0.43004164719106963,0.38193545223155334,-0.3216350512173826,1.0302834540318422,-0.3486521344078592,2.076747983560841,-0.2590421458207031,144.12618839700986
-0.19102776260016902,-0.1627929060722942,-0.9943493746085122,-0.5132135664715852,0.7408243454201259,0.04091917539572113,-0.22859991534001858,-0.5441140021141926,-1.0021874557814727,-2.5623336587953105,-119.72221483737563
-1.7690759048891183,-0.9735461997044687,-0.5089636257074988,2.7596600389110777,1.0602099074988798,0.47635776935621926,0.39241596717876703,0.8071225966373103,0.5054701591666269,-0.025574312191994436,163.18210871957865
1.1337700968670645,0.28555407485765694,-0.1512732836535117,0.08958068125524882,0.5556044660034485,0.5211224283793383,-0.1973384203073261,-0.05489400061628639,0.645215585950057,-0.194908280352681,121.17973736136278
0.8527736751222195,-1.4382779783173667,1.281016361735113,1.0800480657146485,1.8732977762175456,0.9192289345752035,-0.4473218956587512,0.11327041053776446,-0.668144085538994,0.0678555105274033,-72.11101208856365
